index-old/en/location6,en/location6
index-old/en/location8,en/location8
index-old/fr/location7,fr/location7
index-old/en/location1,en/location1
index-old/fr/location9,fr/location9
index-old/en/location9,en/location9
index-old/fr/location6,fr/location6
index-old/fr/location8,fr/location8
index-old/en/location3,en/location3
index-old/fr/location1,fr/location1
index-old/en/location7,en/location7
index-old/fr/location10,fr/location10
index-old/fr/location4,fr/location4
index-old/en/location2,en/location2
index-old/fr/location3,fr/location3
index-old/en/location4,en/location4
index-old/fr/location5,fr/location5
index-old/en/location10,en/location10
index-old/fr/location2,fr/location2
index-old/en/location5,en/location5
